id,hip,hd    ,hr  ,gl,bf     ,proper,ra      ,dec       ,dist    ,pmra  ,pmdec,rv ,mag  ,absmag,spect,ci   ,x         ,y       ,z          ,vx        ,vy         ,vz         ,rarad               ,decrad             ,pmrarad                   ,pmdecrad          ,bayer,flam,con,comp,comp_primary,base,lum               ,var,var_min,var_max
88,88 ,224834,9081,  ,Tau Phe,      ,0.017941,-48.809876,181.8182,-17.92,-6.75,8.0,5.710,-0.588,G8III,0.911,119.736878,0.562356,-136.823418,0.00000099,-0.00001579,-0.00001008,0.004696959812148889,-0.8518930353430763,-0.00000008687861155555555,-0.000000032724923,Tau  ,    ,Phe,1   ,88          ,    ,149.69248567600363,   ,       ,